,Strain,Cultures,Total_cells,Mutant_cells,Rate_u,Rate_m,Sigma,Sigma_m,m_n,Sigma_n,Factor
0,SLM1042 #8,11,659090909.0,2772.727273,4.21e-06,385.4062341,50.53735438,0.131127496,5.85e-07,7.67e-08,1.0
1,SLM1043 #9,11,686363636.5,12454.54546,1.81e-05,1460.661902,164.7461366,0.112788686,2.13e-06,2.4e-07,3.639334892
2,DG024 #6,11,359090909.1,10272.72728,2.86e-05,1229.610978,141.2390693,0.114864841,3.42e-06,3.93e-07,5.855849516
3,DG026 #6,11,209090909.1,21863.63637,0.000104565,2420.732793,259.2820184,0.107108897,1.16e-05,1.24e-06,19.79877357
4,DG027 #8,11,286363636.4,2636.363637,9.21e-06,368.7202198,48.61192627,0.1318396,1.29e-06,1.7e-07,2.201940967
5,DG028 #7,11,545454545.5,4181.818182,7.67e-06,553.4330663,69.50126319,0.125582058,1.01e-06,1.27e-07,1.735134418
