Strain,Cultures,Total_cells,Mutant_cells,Rate_u,Rate_m,Sigma,Sigma_m,m_n,Sigma_n,state,Factor,1042_fact
DG012 #8,9,1304545455,8954.545455,6.86E-06,1088,139.1,0.13,8.00E-07,1.00E-07,control1,1,1.381762764
DG011 #5,9,886363636.4,4363.636364,4.92E-06,574.6,79.43,0.14,6.00E-07,8.96E-08,variable1,0.75,0.729743459
SLM1043 #7,9,663636363.6,12636.36364,1.90E-05,1.47E+03,184.3,0.12,2.23E-06,3.00E-07,control2,1,1.87E+00
SLM1042 #8,9,1154545455,6227.272727,5.39E-06,787.4,104.1,0.13,7.00E-07,9.09E-08,variable2,0.313901345,1
