Strain,Cultures,Total_cells,Mutant_cells,Rate_u,Rate_m,Sigma,Sigma_m,m_n,Sigma_n
SLM1042 #8,11,1659090909.0,3863.6363635,2.328767123333083e-06,516.0948920169185,65.34572439564886,0.1266157162305468,3.110708938354617e-07,3.9386464021453374e-08
SLM1043 #9,11,1363636363.5,12727.272725,9.3333333326e-06,1489.2605436840151,167.63055357954744,0.112559588240266,1.0921243988108236e-06,1.2292907263729438e-07
DG024 #6,11,1250000000.0,10227.272727272726,8.181818181818181e-06,1224.7508154803168,140.74039329951714,0.1149134922145957,9.798006523842537e-07,1.1259231463961372e-07
DG026 #6,11,1340909091.0,14318.181818181818,1.0677966100970985e-05,1654.985096889199,184.2479492060888,0.1113290684927685,1.2342261738675906e-06,1.3740525024607264e-07
DG027 #8,11,1000000000.0,4090.9090909090905,4.090909090909091e-06,542.796030709754,68.32040802006827,0.1258675527356625,5.427960307097539e-07,6.832040802006828e-08
DG028 #7,11,1568181818.0,4545.454545454545,2.898550724973745e-06,595.7486808079608,74.1766003922611,0.12450988610106864,3.7989770954477475e-07,4.730102054547676e-08
