Strain,Condition,Titre
SL1042,LB,80000.0
SL1043,LB,1584.158415841584
test,Kan,4954.545454545454
test,Kan,4954.545454545454
