Strain,Condition,Time,Volume,Dilution_1,Dilution_2,Colonies_1A,Colonies_1B,Colonies_2A,Colonies_2B,Titre
DG001,LB,180,0.01,0.0001,1e-05,56,53,32,22,74090909.0909091
DG001,LB,180,0.01,0.0001,1e-05,56,53,32,22,74090909.0909091
LAST ONE,Cm,60,0.01,10e-3,10e-2,40,34,56,34,74545.45454545454
