Strain,Condition,Volume,Dilution_1,Dilution_2,Colonies_1A,Colonies_1B,Colonies_2A,Colonies_2B,Titre
DG060,LB,0.1,1e-06,1e-05,24,24,351,351,340909090.9090908
DG061,LB,0.1,1e-06,1e-05,151,151,319,319,427272727.2727272
DG062,LB,0.1,1e-06,1e-05,46,46,305,305,319090909.090909
DG060,Kan,0.1,0.1,1.0,31,31,233,233,2399.9999999999995
DG061,Kan,0.1,0.1,1.0,55,55,464,464,4718.181818181818
DG062,Kan,0.1,10e-2,10e-1,54,54,391,391,4045.454545454545
