Strain,Condition,Volume,Dilution_1,Dilution_2,Colonies_1A,Colonies_1B,Colonies_2A,Colonies_2B,Titre
MG1655,LB,0.01,1e-05,1e-06,10,12,5,6,150000000.0
slm1042,Kan,0.01,0.1,0.01,6,7,1,2,7272.727272727272
slm1043,LB,0.01,1e-05,1e-06,30,32,12,13,395454545.4545454
DG007,LB,0.01,10e-6,10e-7,15,14,4,4,168181818.18181816
